{"time_last_update":1777394003,"weights":{"frec":0.7,"rece":0.3},"init_weights":{"frec":0.7,"rece":0.3},"norms":{"rece":{"beta":0.001,"mean":2.28119185424287,"var":2.45148407055902},"frec":{"beta":0.001,"mean":20775.31554558679,"var":453.6755738055793}},"score_map":{"PA2X4gRebQsG":{"frec":5.384332290820515,"rece":4.889952960585263,"final":5.236018491749939},"gimeG1HgPx98":{"frec":1.5345058247461165,"rece":0.4251965094677333,"final":1.2017130301626016},"SndjwhHlLtOk":{"frec":-0.2495600985566535,"rece":-0.8183808166478153,"final":-0.420206313984002},"M1_FD3UYikmY":{"frec":-0.29650920180146323,"rece":-0.20674450677672754,"final":-0.26957979329404247}}}